Machine 1,Machine 2,Machine 3
40,20,20
40,20,20
40,30,20
40,30,20
40,30,20
40,30,20
40,30,20
40,30,20
40,30,20
40,30,70
40,40,70
40,50,70
40,50,70
40,50,70
40,50,70
40,50,70
40,50,70
40,50,70
40,50,70
40,50,70
40,60,70
40,60,70
40,70,70
40,70,70
40,70,70
100,70,70
100,70,70
100,70,70
100,80,70
100,80,70
100,90,70
100,90,70
100,90,70
100,90,70
100,90,70
100,90,70
100,90,70
100,90,70
100,90,70
100,100,70
100,110,70
100,110,120
100,110,120
100,110,120
100,110,120
100,110,120
100,110,120
100,110,120
100,120,120
100,120,120
